starting_number,sequence_length,max_value,steps_to_peak,total_steps,peak_value,execution_time,timestamp
1,1,1,0,0,1,2.1457672119140625e-06,2025-09-02 21:49:00.204374
2,2,2,0,1,2,1.9073486328125e-06,2025-09-02 21:49:00.204404
3,8,16,3,7,16,3.0994415283203125e-06,2025-09-02 21:49:00.204415
4,3,4,0,2,4,1.1920928955078125e-06,2025-09-02 21:49:00.204420
5,6,16,1,5,16,9.5367431640625e-07,2025-09-02 21:49:00.204424
6,9,16,4,8,16,5.7220458984375e-06,2025-09-02 21:49:00.204434
7,17,52,5,16,52,4.0531158447265625e-06,2025-09-02 21:49:00.204441
8,4,8,0,3,8,0.0,2025-09-02 21:49:00.204448
9,20,52,8,19,52,3.814697265625e-06,2025-09-02 21:49:00.204455
10,7,16,2,6,16,9.5367431640625e-07,2025-09-02 21:49:00.204460
11,15,52,3,14,52,3.0994415283203125e-06,2025-09-02 21:49:00.204465
12,10,16,5,9,16,1.9073486328125e-06,2025-09-02 21:49:00.204470
13,10,40,1,9,40,1.9073486328125e-06,2025-09-02 21:49:00.204474
14,18,52,6,17,52,4.0531158447265625e-06,2025-09-02 21:49:00.204486
15,18,160,7,17,160,4.0531158447265625e-06,2025-09-02 21:49:00.204498
16,5,16,0,4,16,9.5367431640625e-07,2025-09-02 21:49:00.204501
17,13,52,1,12,52,2.1457672119140625e-06,2025-09-02 21:49:00.204507
18,21,52,9,20,52,2.86102294921875e-06,2025-09-02 21:49:00.204514
19,21,88,3,20,88,4.0531158447265625e-06,2025-09-02 21:49:00.204524
20,8,20,0,7,20,1.1920928955078125e-06,2025-09-02 21:49:00.204527
21,8,64,1,7,64,2.1457672119140625e-06,2025-09-02 21:49:00.204532
22,16,52,4,15,52,1.9073486328125e-06,2025-09-02 21:49:00.204537
23,16,160,5,15,160,2.1457672119140625e-06,2025-09-02 21:49:00.204543
24,11,24,0,10,24,1.9073486328125e-06,2025-09-02 21:49:00.204547
25,24,88,6,23,88,3.814697265625e-06,2025-09-02 21:49:00.204554
26,11,40,2,10,40,1.1920928955078125e-06,2025-09-02 21:49:00.204563
27,112,9232,77,111,9232,4.1961669921875e-05,2025-09-02 21:49:00.204612
28,19,52,7,18,52,3.0994415283203125e-06,2025-09-02 21:49:00.204619
29,19,88,1,18,88,2.1457672119140625e-06,2025-09-02 21:49:00.204625
30,19,160,8,18,160,1.9073486328125e-06,2025-09-02 21:49:00.204631
31,107,9232,72,106,9232,2.193450927734375e-05,2025-09-02 21:49:00.204658
32,6,32,0,5,32,2.1457672119140625e-06,2025-09-02 21:49:00.204662
33,27,100,1,26,100,3.814697265625e-06,2025-09-02 21:49:00.204669
34,14,52,2,13,52,2.1457672119140625e-06,2025-09-02 21:49:00.204674
35,14,160,3,13,160,1.6689300537109375e-06,2025-09-02 21:49:00.204679
36,22,52,10,21,52,4.0531158447265625e-06,2025-09-02 21:49:00.204685
37,22,112,1,21,112,2.86102294921875e-06,2025-09-02 21:49:00.204694
38,22,88,4,21,88,3.0994415283203125e-06,2025-09-02 21:49:00.204700
39,35,304,10,34,304,7.152557373046875e-06,2025-09-02 21:49:00.204710
40,9,40,0,8,40,1.9073486328125e-06,2025-09-02 21:49:00.204714
41,110,9232,75,109,9232,2.5033950805664062e-05,2025-09-02 21:49:00.204744
42,9,64,2,8,64,9.5367431640625e-07,2025-09-02 21:49:00.204748
43,30,196,3,29,196,4.76837158203125e-06,2025-09-02 21:49:00.204757
44,17,52,5,16,52,3.0994415283203125e-06,2025-09-02 21:49:00.204762
45,17,136,1,16,136,3.0994415283203125e-06,2025-09-02 21:49:00.204767
46,17,160,6,16,160,2.86102294921875e-06,2025-09-02 21:49:00.204773
47,105,9232,70,104,9232,2.5033950805664062e-05,2025-09-02 21:49:00.204804
48,12,48,0,11,48,2.1457672119140625e-06,2025-09-02 21:49:00.204809
49,25,148,1,24,148,3.0994415283203125e-06,2025-09-02 21:49:00.204815
50,25,88,7,24,88,7.152557373046875e-06,2025-09-02 21:49:00.204825
51,25,232,3,24,232,4.0531158447265625e-06,2025-09-02 21:49:00.204832
52,12,52,0,11,52,2.1457672119140625e-06,2025-09-02 21:49:00.204837
53,12,160,1,11,160,3.0994415283203125e-06,2025-09-02 21:49:00.204841
54,113,9232,78,112,9232,2.6941299438476562e-05,2025-09-02 21:49:00.204874
55,113,9232,78,112,9232,1.6927719116210938e-05,2025-09-02 21:49:00.204897
56,20,56,0,19,56,2.1457672119140625e-06,2025-09-02 21:49:00.204903
57,33,196,6,32,196,9.059906005859375e-06,2025-09-02 21:49:00.204914
58,20,88,2,19,88,3.0994415283203125e-06,2025-09-02 21:49:00.204920
59,33,304,8,32,304,5.245208740234375e-06,2025-09-02 21:49:00.204932
60,20,160,9,19,160,2.1457672119140625e-06,2025-09-02 21:49:00.204937
61,20,184,1,19,184,2.86102294921875e-06,2025-09-02 21:49:00.204943
62,108,9232,73,107,9232,1.621246337890625e-05,2025-09-02 21:49:00.204965
63,108,9232,73,107,9232,1.5974044799804688e-05,2025-09-02 21:49:00.204986
64,7,64,0,6,64,1.1920928955078125e-06,2025-09-02 21:49:00.204993
65,28,196,1,27,196,3.814697265625e-06,2025-09-02 21:49:00.205000
66,28,100,2,27,100,4.0531158447265625e-06,2025-09-02 21:49:00.205008
67,28,304,3,27,304,4.0531158447265625e-06,2025-09-02 21:49:00.205015
68,15,68,0,14,68,1.9073486328125e-06,2025-09-02 21:49:00.205023
69,15,208,1,14,208,3.0994415283203125e-06,2025-09-02 21:49:00.205028
70,15,160,4,14,160,2.86102294921875e-06,2025-09-02 21:49:00.205033
71,103,9232,68,102,9232,1.621246337890625e-05,2025-09-02 21:49:00.205053
72,23,72,0,22,72,3.0994415283203125e-06,2025-09-02 21:49:00.205059
73,116,9232,81,115,9232,1.7881393432617188e-05,2025-09-02 21:49:00.205083
74,23,112,2,22,112,4.0531158447265625e-06,2025-09-02 21:49:00.205089
75,15,340,3,14,340,3.0994415283203125e-06,2025-09-02 21:49:00.205094
76,23,88,5,22,88,2.86102294921875e-06,2025-09-02 21:49:00.205103
77,23,232,1,22,232,3.0994415283203125e-06,2025-09-02 21:49:00.205110
78,36,304,11,35,304,5.0067901611328125e-06,2025-09-02 21:49:00.205118
79,36,808,7,35,808,5.0067901611328125e-06,2025-09-02 21:49:00.205127
80,10,80,0,9,80,2.1457672119140625e-06,2025-09-02 21:49:00.205131
81,23,244,1,22,244,2.86102294921875e-06,2025-09-02 21:49:00.205138
82,111,9232,76,110,9232,1.811981201171875e-05,2025-09-02 21:49:00.205161
83,111,9232,76,110,9232,2.002716064453125e-05,2025-09-02 21:49:00.205186
84,10,84,0,9,84,1.9073486328125e-06,2025-09-02 21:49:00.205190
85,10,256,1,9,256,5.245208740234375e-06,2025-09-02 21:49:00.205198
86,31,196,4,30,196,4.0531158447265625e-06,2025-09-02 21:49:00.205204
87,31,592,5,30,592,5.245208740234375e-06,2025-09-02 21:49:00.205211
88,18,88,0,17,88,2.1457672119140625e-06,2025-09-02 21:49:00.205216
89,31,304,6,30,304,3.814697265625e-06,2025-09-02 21:49:00.205224
90,18,136,2,17,136,3.0994415283203125e-06,2025-09-02 21:49:00.205229
91,93,9232,58,92,9232,1.6927719116210938e-05,2025-09-02 21:49:00.205250
92,18,160,7,17,160,5.7220458984375e-06,2025-09-02 21:49:00.205259
93,18,280,1,17,280,3.0994415283203125e-06,2025-09-02 21:49:00.205264
94,106,9232,71,105,9232,1.6927719116210938e-05,2025-09-02 21:49:00.205316
95,106,9232,71,105,9232,1.5974044799804688e-05,2025-09-02 21:49:00.205338
96,13,96,0,12,96,5.0067901611328125e-06,2025-09-02 21:49:00.205345
97,119,9232,84,118,9232,1.7881393432617188e-05,2025-09-02 21:49:00.205369
98,26,148,2,25,148,3.814697265625e-06,2025-09-02 21:49:00.205375
99,26,448,3,25,448,4.291534423828125e-06,2025-09-02 21:49:00.205381
100,26,100,0,25,100,4.291534423828125e-06,2025-09-02 21:49:00.205388
101,26,304,1,25,304,5.0067901611328125e-06,2025-09-02 21:49:00.205433
102,26,232,4,25,232,4.0531158447265625e-06,2025-09-02 21:49:00.205441
103,88,9232,53,87,9232,1.3828277587890625e-05,2025-09-02 21:49:00.205459
104,13,104,0,12,104,2.86102294921875e-06,2025-09-02 21:49:00.205464
105,39,808,10,38,808,5.9604644775390625e-06,2025-09-02 21:49:00.205472
106,13,160,2,12,160,1.9073486328125e-06,2025-09-02 21:49:00.205477
107,101,9232,66,100,9232,1.71661376953125e-05,2025-09-02 21:49:00.205498
108,114,9232,79,113,9232,1.71661376953125e-05,2025-09-02 21:49:00.205521
109,114,9232,79,113,9232,1.71661376953125e-05,2025-09-02 21:49:00.205542
110,114,9232,79,113,9232,3.314018249511719e-05,2025-09-02 21:49:00.205583
111,70,9232,35,69,9232,9.775161743164062e-06,2025-09-02 21:49:00.205597
112,21,112,0,20,112,4.0531158447265625e-06,2025-09-02 21:49:00.205603
113,13,340,1,12,340,1.9073486328125e-06,2025-09-02 21:49:00.205607
114,34,196,7,33,196,6.198883056640625e-06,2025-09-02 21:49:00.205615
115,34,520,3,33,520,4.76837158203125e-06,2025-09-02 21:49:00.205622
116,21,116,0,20,116,2.86102294921875e-06,2025-09-02 21:49:00.205628
117,21,352,1,20,352,3.0994415283203125e-06,2025-09-02 21:49:00.205633
118,34,304,9,33,304,4.76837158203125e-06,2025-09-02 21:49:00.205641
119,34,808,5,33,808,5.0067901611328125e-06,2025-09-02 21:49:00.205648
120,21,160,10,20,160,2.1457672119140625e-06,2025-09-02 21:49:00.205653
121,96,9232,61,95,9232,1.4066696166992188e-05,2025-09-02 21:49:00.205673
122,21,184,2,20,184,3.0994415283203125e-06,2025-09-02 21:49:00.205678
123,47,628,8,46,628,6.9141387939453125e-06,2025-09-02 21:49:00.205688
124,109,9232,74,108,9232,1.6689300537109375e-05,2025-09-02 21:49:00.205710
125,109,9232,74,108,9232,1.5735626220703125e-05,2025-09-02 21:49:00.205731
126,109,9232,74,108,9232,1.5974044799804688e-05,2025-09-02 21:49:00.205752
127,47,4372,13,46,4372,6.9141387939453125e-06,2025-09-02 21:49:00.205762
128,8,128,0,7,128,1.9073486328125e-06,2025-09-02 21:49:00.205766
129,122,9232,87,121,9232,1.7881393432617188e-05,2025-09-02 21:49:00.205792
130,29,196,2,28,196,4.76837158203125e-06,2025-09-02 21:49:00.205801
131,29,592,3,28,592,4.0531158447265625e-06,2025-09-02 21:49:00.205807
132,29,132,0,28,132,4.0531158447265625e-06,2025-09-02 21:49:00.205814
133,29,400,1,28,400,4.76837158203125e-06,2025-09-02 21:49:00.205821
134,29,304,4,28,304,4.0531158447265625e-06,2025-09-02 21:49:00.205828
135,42,916,5,41,916,5.9604644775390625e-06,2025-09-02 21:49:00.205836
136,16,136,0,15,136,2.86102294921875e-06,2025-09-02 21:49:00.205841
137,91,9232,56,90,9232,1.5974044799804688e-05,2025-09-02 21:49:00.205861
138,16,208,2,15,208,2.1457672119140625e-06,2025-09-02 21:49:00.205865
139,42,628,3,41,628,6.9141387939453125e-06,2025-09-02 21:49:00.205874
140,16,160,5,15,160,3.0994415283203125e-06,2025-09-02 21:49:00.205879
141,16,424,1,15,424,2.6226043701171875e-06,2025-09-02 21:49:00.205883
142,104,9232,69,103,9232,1.5020370483398438e-05,2025-09-02 21:49:00.205903
143,104,9232,69,103,9232,1.4066696166992188e-05,2025-09-02 21:49:00.205922
144,24,144,0,23,144,2.86102294921875e-06,2025-09-02 21:49:00.205928
145,117,9232,82,116,9232,1.71661376953125e-05,2025-09-02 21:49:00.205950
146,117,9232,82,116,9232,1.6927719116210938e-05,2025-09-02 21:49:00.205972
147,117,9232,82,116,9232,1.811981201171875e-05,2025-09-02 21:49:00.205995
148,24,148,0,23,148,4.0531158447265625e-06,2025-09-02 21:49:00.206001
149,24,448,1,23,448,3.0994415283203125e-06,2025-09-02 21:49:00.206006
150,16,340,4,15,340,5.9604644775390625e-06,2025-09-02 21:49:00.206015
151,16,1024,5,15,1024,3.0994415283203125e-06,2025-09-02 21:49:00.206020
152,24,152,0,23,152,2.86102294921875e-06,2025-09-02 21:49:00.206025
153,37,520,6,36,520,4.76837158203125e-06,2025-09-02 21:49:00.206033
154,24,232,2,23,232,3.0994415283203125e-06,2025-09-02 21:49:00.206039
155,86,9232,51,85,9232,1.2874603271484375e-05,2025-09-02 21:49:00.206057
156,37,304,12,36,304,6.198883056640625e-06,2025-09-02 21:49:00.206065
157,37,472,1,36,472,6.198883056640625e-06,2025-09-02 21:49:00.206073
158,37,808,8,36,808,5.9604644775390625e-06,2025-09-02 21:49:00.206082
159,55,9232,20,54,9232,7.867813110351562e-06,2025-09-02 21:49:00.206093
160,11,160,0,10,160,1.9073486328125e-06,2025-09-02 21:49:00.206097
161,99,9232,64,98,9232,1.52587890625e-05,2025-09-02 21:49:00.206116
162,24,244,2,23,244,3.0994415283203125e-06,2025-09-02 21:49:00.206122
163,24,736,3,23,736,4.0531158447265625e-06,2025-09-02 21:49:00.206128
164,112,9232,77,111,9232,1.6927719116210938e-05,2025-09-02 21:49:00.206150
165,112,9232,77,111,9232,1.71661376953125e-05,2025-09-02 21:49:00.206171
166,112,9232,77,111,9232,1.621246337890625e-05,2025-09-02 21:49:00.206192
167,68,9232,33,67,9232,1.0967254638671875e-05,2025-09-02 21:49:00.206206
168,11,168,0,10,168,1.9073486328125e-06,2025-09-02 21:49:00.206210
169,50,4372,16,49,4372,6.9141387939453125e-06,2025-09-02 21:49:00.206221
170,11,256,2,10,256,1.9073486328125e-06,2025-09-02 21:49:00.206225
171,125,9232,90,124,9232,1.9311904907226562e-05,2025-09-02 21:49:00.206249
172,32,196,5,31,196,4.0531158447265625e-06,2025-09-02 21:49:00.206255
173,32,520,1,31,520,4.0531158447265625e-06,2025-09-02 21:49:00.206262
174,32,592,6,31,592,4.0531158447265625e-06,2025-09-02 21:49:00.206270
175,81,9232,46,80,9232,1.1205673217773438e-05,2025-09-02 21:49:00.206286
176,19,176,0,18,176,2.86102294921875e-06,2025-09-02 21:49:00.206291
177,32,532,1,31,532,5.245208740234375e-06,2025-09-02 21:49:00.206298
178,32,304,7,31,304,4.0531158447265625e-06,2025-09-02 21:49:00.206305
179,32,808,3,31,808,5.0067901611328125e-06,2025-09-02 21:49:00.206312
180,19,180,0,18,180,3.0994415283203125e-06,2025-09-02 21:49:00.206316
181,19,544,1,18,544,2.86102294921875e-06,2025-09-02 21:49:00.206321
182,94,9232,59,93,9232,1.4066696166992188e-05,2025-09-02 21:49:00.206340
183,94,9232,59,93,9232,1.2874603271484375e-05,2025-09-02 21:49:00.206358
184,19,184,0,18,184,2.86102294921875e-06,2025-09-02 21:49:00.206363
185,45,628,6,44,628,6.198883056640625e-06,2025-09-02 21:49:00.206371
186,19,280,2,18,280,1.6689300537109375e-06,2025-09-02 21:49:00.206376
187,45,952,8,44,952,7.152557373046875e-06,2025-09-02 21:49:00.206385
188,107,9232,72,106,9232,1.5020370483398438e-05,2025-09-02 21:49:00.206405
189,107,9232,72,106,9232,1.52587890625e-05,2025-09-02 21:49:00.206425
190,107,9232,72,106,9232,1.5735626220703125e-05,2025-09-02 21:49:00.206446
191,45,4372,11,44,4372,6.9141387939453125e-06,2025-09-02 21:49:00.206455
192,14,192,0,13,192,9.5367431640625e-07,2025-09-02 21:49:00.206459
193,120,9232,85,119,9232,1.71661376953125e-05,2025-09-02 21:49:00.206482
194,120,9232,85,119,9232,1.71661376953125e-05,2025-09-02 21:49:00.206504
195,120,9232,85,119,9232,1.71661376953125e-05,2025-09-02 21:49:00.206526
196,27,196,0,26,196,3.0994415283203125e-06,2025-09-02 21:49:00.206532
197,27,592,1,26,592,3.0994415283203125e-06,2025-09-02 21:49:00.206539
198,27,448,4,26,448,3.814697265625e-06,2025-09-02 21:49:00.206545
199,120,9232,85,119,9232,2.7179718017578125e-05,2025-09-02 21:49:00.206578
200,27,200,0,26,200,4.0531158447265625e-06,2025-09-02 21:49:00.206584
201,19,1024,8,18,1024,3.0994415283203125e-06,2025-09-02 21:49:00.206631
202,27,304,2,26,304,4.291534423828125e-06,2025-09-02 21:49:00.206638
203,40,916,3,39,916,4.76837158203125e-06,2025-09-02 21:49:00.206647
204,27,232,5,26,232,3.814697265625e-06,2025-09-02 21:49:00.206653
205,27,616,1,26,616,4.291534423828125e-06,2025-09-02 21:49:00.206659
206,89,9232,54,88,9232,1.5020370483398438e-05,2025-09-02 21:49:00.206678
207,89,9232,54,88,9232,1.4066696166992188e-05,2025-09-02 21:49:00.206696
208,14,208,0,13,208,2.1457672119140625e-06,2025-09-02 21:49:00.206701
209,40,628,1,39,628,5.9604644775390625e-06,2025-09-02 21:49:00.206710
210,40,808,11,39,808,4.76837158203125e-06,2025-09-02 21:49:00.206718
211,40,952,3,39,952,6.198883056640625e-06,2025-09-02 21:49:00.206726
212,14,212,0,13,212,2.86102294921875e-06,2025-09-02 21:49:00.206731
213,14,640,1,13,640,2.1457672119140625e-06,2025-09-02 21:49:00.206735
214,102,9232,67,101,9232,1.621246337890625e-05,2025-09-02 21:49:00.206755
215,102,9232,67,101,9232,3.2901763916015625e-05,2025-09-02 21:49:00.206794
216,115,9232,80,114,9232,1.5735626220703125e-05,2025-09-02 21:49:00.206817
217,27,736,6,26,736,2.86102294921875e-06,2025-09-02 21:49:00.206824
218,115,9232,80,114,9232,1.71661376953125e-05,2025-09-02 21:49:00.206846
219,53,1672,10,52,1672,6.9141387939453125e-06,2025-09-02 21:49:00.206857
220,115,9232,80,114,9232,1.5735626220703125e-05,2025-09-02 21:49:00.206879
221,115,9232,80,114,9232,1.5974044799804688e-05,2025-09-02 21:49:00.206900
222,71,9232,36,70,9232,1.0967254638671875e-05,2025-09-02 21:49:00.206915
223,71,9232,36,70,9232,1.0013580322265625e-05,2025-09-02 21:49:00.206928
224,22,224,0,21,224,3.0994415283203125e-06,2025-09-02 21:49:00.206934
225,53,4372,19,52,4372,8.106231689453125e-06,2025-09-02 21:49:00.206945
226,14,340,2,13,340,1.9073486328125e-06,2025-09-02 21:49:00.206949
227,14,1024,3,13,1024,2.1457672119140625e-06,2025-09-02 21:49:00.206954
228,35,228,0,34,228,5.245208740234375e-06,2025-09-02 21:49:00.206961
229,35,688,1,34,688,6.198883056640625e-06,2025-09-02 21:49:00.206969
230,35,520,4,34,520,4.76837158203125e-06,2025-09-02 21:49:00.206976
231,128,9232,93,127,9232,1.8835067749023438e-05,2025-09-02 21:49:00.207001
232,22,232,0,21,232,2.86102294921875e-06,2025-09-02 21:49:00.207006
233,84,9232,49,83,9232,1.3113021850585938e-05,2025-09-02 21:49:00.207023
234,22,352,2,21,352,4.0531158447265625e-06,2025-09-02 21:49:00.207031
235,128,9232,93,127,9232,1.9073486328125e-05,2025-09-02 21:49:00.207056
236,35,304,10,34,304,5.0067901611328125e-06,2025-09-02 21:49:00.207064
237,35,712,1,34,712,4.76837158203125e-06,2025-09-02 21:49:00.207071
238,35,808,6,34,808,5.0067901611328125e-06,2025-09-02 21:49:00.207079
239,53,9232,18,52,9232,8.344650268554688e-06,2025-09-02 21:49:00.207090
240,22,240,0,21,240,1.9073486328125e-06,2025-09-02 21:49:00.207095
241,22,724,1,21,724,3.814697265625e-06,2025-09-02 21:49:00.207101
242,97,9232,62,96,9232,1.5020370483398438e-05,2025-09-02 21:49:00.207120
243,97,9232,62,96,9232,1.4066696166992188e-05,2025-09-02 21:49:00.207139
244,22,244,0,21,244,2.6226043701171875e-06,2025-09-02 21:49:00.207145
245,22,736,1,21,736,3.0994415283203125e-06,2025-09-02 21:49:00.207150
246,48,628,9,47,628,6.9141387939453125e-06,2025-09-02 21:49:00.207160
247,48,1672,5,47,1672,6.9141387939453125e-06,2025-09-02 21:49:00.207170
248,110,9232,75,109,9232,1.5974044799804688e-05,2025-09-02 21:49:00.207191
249,48,952,11,47,952,6.67572021484375e-06,2025-09-02 21:49:00.207201
250,110,9232,75,109,9232,1.5735626220703125e-05,2025-09-02 21:49:00.207222
251,66,9232,31,65,9232,8.821487426757812e-06,2025-09-02 21:49:00.207235
252,110,9232,75,109,9232,1.5020370483398438e-05,2025-09-02 21:49:00.207256
253,110,9232,75,109,9232,1.4781951904296875e-05,2025-09-02 21:49:00.207277
254,48,4372,14,47,4372,6.9141387939453125e-06,2025-09-02 21:49:00.207288
255,48,13120,15,47,13120,5.9604644775390625e-06,2025-09-02 21:49:00.207297
256,9,256,0,8,256,2.1457672119140625e-06,2025-09-02 21:49:00.207301
257,123,9232,88,122,9232,1.811981201171875e-05,2025-09-02 21:49:00.207324
258,123,9232,88,122,9232,1.71661376953125e-05,2025-09-02 21:49:00.207348
259,123,9232,88,122,9232,1.7881393432617188e-05,2025-09-02 21:49:00.207371
260,30,260,0,29,260,3.814697265625e-06,2025-09-02 21:49:00.207377
261,30,784,1,29,784,7.152557373046875e-06,2025-09-02 21:49:00.207387
262,30,592,4,29,592,4.0531158447265625e-06,2025-09-02 21:49:00.207394
263,79,9232,44,78,9232,1.0967254638671875e-05,2025-09-02 21:49:00.207409
264,30,264,0,29,264,4.0531158447265625e-06,2025-09-02 21:49:00.207416
265,123,9232,88,122,9232,1.7881393432617188e-05,2025-09-02 21:49:00.207439
266,30,400,2,29,400,4.0531158447265625e-06,2025-09-02 21:49:00.207445
267,22,1204,3,21,1204,4.0531158447265625e-06,2025-09-02 21:49:00.207451
268,30,304,5,29,304,5.245208740234375e-06,2025-09-02 21:49:00.207458
269,30,808,1,29,808,4.0531158447265625e-06,2025-09-02 21:49:00.207465
270,43,916,6,42,916,6.198883056640625e-06,2025-09-02 21:49:00.207473
271,43,2752,7,42,2752,6.198883056640625e-06,2025-09-02 21:49:00.207482
272,17,272,0,16,272,3.0994415283203125e-06,2025-09-02 21:49:00.207486
273,30,820,1,29,820,4.0531158447265625e-06,2025-09-02 21:49:00.207493
274,92,9232,57,91,9232,1.430511474609375e-05,2025-09-02 21:49:00.207511
275,92,9232,57,91,9232,1.3828277587890625e-05,2025-09-02 21:49:00.207529
276,17,276,0,16,276,1.9073486328125e-06,2025-09-02 21:49:00.207533
277,17,832,1,16,832,2.86102294921875e-06,2025-09-02 21:49:00.207538
278,43,628,4,42,628,6.198883056640625e-06,2025-09-02 21:49:00.207547
279,43,1888,5,42,1888,5.0067901611328125e-06,2025-09-02 21:49:00.207555
280,17,280,0,16,280,1.9073486328125e-06,2025-09-02 21:49:00.207559
281,43,952,6,42,952,6.198883056640625e-06,2025-09-02 21:49:00.207568
282,17,424,2,16,424,3.0994415283203125e-06,2025-09-02 21:49:00.207573
283,61,9232,26,60,9232,8.821487426757812e-06,2025-09-02 21:49:00.207585
284,105,9232,70,104,9232,1.5974044799804688e-05,2025-09-02 21:49:00.207606
285,105,9232,70,104,9232,1.4781951904296875e-05,2025-09-02 21:49:00.207626
286,105,9232,70,104,9232,1.5735626220703125e-05,2025-09-02 21:49:00.207646
287,43,4372,9,42,4372,5.9604644775390625e-06,2025-09-02 21:49:00.207656
288,25,288,0,24,288,4.291534423828125e-06,2025-09-02 21:49:00.207662
289,30,868,1,29,868,5.0067901611328125e-06,2025-09-02 21:49:00.207669
290,118,9232,83,117,9232,2.6941299438476562e-05,2025-09-02 21:49:00.207702
291,118,9232,83,117,9232,1.6927719116210938e-05,2025-09-02 21:49:00.207725
292,118,9232,83,117,9232,1.6927719116210938e-05,2025-09-02 21:49:00.207747
293,118,9232,83,117,9232,1.6927719116210938e-05,2025-09-02 21:49:00.207769
294,118,9232,83,117,9232,1.71661376953125e-05,2025-09-02 21:49:00.207791
295,56,2248,10,55,2248,8.106231689453125e-06,2025-09-02 21:49:00.207803
296,25,296,0,24,296,4.0531158447265625e-06,2025-09-02 21:49:00.207808
297,74,9232,39,73,9232,1.0967254638671875e-05,2025-09-02 21:49:00.207823
298,25,448,2,24,448,3.0994415283203125e-06,2025-09-02 21:49:00.207829
299,118,9232,83,117,9232,1.6689300537109375e-05,2025-09-02 21:49:00.207852
300,17,340,5,16,340,3.0994415283203125e-06,2025-09-02 21:49:00.207857
301,17,904,1,16,904,2.86102294921875e-06,2025-09-02 21:49:00.207891
302,17,1024,6,16,1024,3.0994415283203125e-06,2025-09-02 21:49:00.207896
303,43,3076,7,42,3076,5.9604644775390625e-06,2025-09-02 21:49:00.207906
304,25,304,0,24,304,4.0531158447265625e-06,2025-09-02 21:49:00.207912
305,38,916,1,37,916,5.245208740234375e-06,2025-09-02 21:49:00.207919
306,38,520,7,37,520,5.245208740234375e-06,2025-09-02 21:49:00.207927
307,38,1384,3,37,1384,5.7220458984375e-06,2025-09-02 21:49:00.207935
308,25,308,0,24,308,4.0531158447265625e-06,2025-09-02 21:49:00.207941
309,25,928,1,24,928,4.291534423828125e-06,2025-09-02 21:49:00.207947
310,87,9232,52,86,9232,1.2874603271484375e-05,2025-09-02 21:49:00.207966
311,87,9232,52,86,9232,1.1920928955078125e-05,2025-09-02 21:49:00.207983
312,38,312,0,37,312,5.7220458984375e-06,2025-09-02 21:49:00.207991
313,131,9232,96,130,9232,2.09808349609375e-05,2025-09-02 21:49:00.208017
314,38,472,2,37,472,5.0067901611328125e-06,2025-09-02 21:49:00.208026
315,38,1600,8,37,1600,6.198883056640625e-06,2025-09-02 21:49:00.208034
316,38,808,9,37,808,5.9604644775390625e-06,2025-09-02 21:49:00.208042
317,38,952,1,37,952,5.7220458984375e-06,2025-09-02 21:49:00.208050
318,56,9232,21,55,9232,8.821487426757812e-06,2025-09-02 21:49:00.208062
319,56,9232,21,55,9232,8.106231689453125e-06,2025-09-02 21:49:00.208073
320,12,320,0,11,320,9.5367431640625e-07,2025-09-02 21:49:00.208076
321,25,964,1,24,964,4.0531158447265625e-06,2025-09-02 21:49:00.208082
322,100,9232,65,99,9232,1.52587890625e-05,2025-09-02 21:49:00.208102
323,100,9232,65,99,9232,1.5020370483398438e-05,2025-09-02 21:49:00.208121
324,25,324,0,24,324,4.0531158447265625e-06,2025-09-02 21:49:00.208127
325,25,976,1,24,976,3.0994415283203125e-06,2025-09-02 21:49:00.208132
326,25,736,4,24,736,3.0994415283203125e-06,2025-09-02 21:49:00.208138
327,144,9232,109,143,9232,2.09808349609375e-05,2025-09-02 21:49:00.208164
328,113,9232,78,112,9232,1.621246337890625e-05,2025-09-02 21:49:00.208185
329,51,1672,8,50,1672,7.152557373046875e-06,2025-09-02 21:49:00.208195
330,113,9232,78,112,9232,1.5974044799804688e-05,2025-09-02 21:49:00.208216
331,25,1492,3,24,1492,2.86102294921875e-06,2025-09-02 21:49:00.208222
332,113,9232,78,112,9232,1.621246337890625e-05,2025-09-02 21:49:00.208243
333,113,9232,78,112,9232,1.5974044799804688e-05,2025-09-02 21:49:00.208264
334,69,9232,34,68,9232,9.775161743164062e-06,2025-09-02 21:49:00.208277
335,69,9232,34,68,9232,1.0013580322265625e-05,2025-09-02 21:49:00.208290
336,12,336,0,11,336,1.1920928955078125e-06,2025-09-02 21:49:00.208294
337,113,9232,78,112,9232,3.409385681152344e-05,2025-09-02 21:49:00.208334
338,51,4372,17,50,4372,7.152557373046875e-06,2025-09-02 21:49:00.208345
339,51,4372,17,50,4372,7.867813110351562e-06,2025-09-02 21:49:00.208356
340,12,340,0,11,340,1.9073486328125e-06,2025-09-02 21:49:00.208360
341,12,1024,1,11,1024,2.1457672119140625e-06,2025-09-02 21:49:00.208364
342,126,9232,91,125,9232,2.7894973754882812e-05,2025-09-02 21:49:00.208397
343,126,9232,91,125,9232,1.7881393432617188e-05,2025-09-02 21:49:00.208421
344,33,344,0,32,344,4.0531158447265625e-06,2025-09-02 21:49:00.208428
345,126,9232,91,125,9232,1.7881393432617188e-05,2025-09-02 21:49:00.208451
346,33,520,2,32,520,5.0067901611328125e-06,2025-09-02 21:49:00.208458
347,126,9232,91,125,9232,1.6927719116210938e-05,2025-09-02 21:49:00.208482
348,33,592,7,32,592,0.0009980201721191406,2025-09-02 21:49:00.209486
349,33,1048,1,32,1048,5.245208740234375e-06,2025-09-02 21:49:00.209496
350,82,9232,47,81,9232,1.2874603271484375e-05,2025-09-02 21:49:00.209513
351,82,9232,47,81,9232,1.2159347534179688e-05,2025-09-02 21:49:00.209529
352,20,352,0,19,352,2.86102294921875e-06,2025-09-02 21:49:00.209534
353,126,9232,91,125,9232,1.9073486328125e-05,2025-09-02 21:49:00.209558
354,33,532,2,32,532,4.76837158203125e-06,2025-09-02 21:49:00.209566
355,33,1600,3,32,1600,5.0067901611328125e-06,2025-09-02 21:49:00.209573
356,33,356,0,32,356,4.0531158447265625e-06,2025-09-02 21:49:00.209581
357,33,1072,1,32,1072,4.76837158203125e-06,2025-09-02 21:49:00.209588
358,33,808,4,32,808,5.0067901611328125e-06,2025-09-02 21:49:00.209595
359,51,9232,16,50,9232,8.106231689453125e-06,2025-09-02 21:49:00.209606
360,20,360,0,19,360,3.0994415283203125e-06,2025-09-02 21:49:00.209611
361,46,2752,10,45,2752,5.7220458984375e-06,2025-09-02 21:49:00.209620
362,20,544,2,19,544,3.0994415283203125e-06,2025-09-02 21:49:00.209625
363,46,1636,3,45,1636,6.198883056640625e-06,2025-09-02 21:49:00.209635
364,95,9232,60,94,9232,1.3589859008789062e-05,2025-09-02 21:49:00.209654
365,95,9232,60,94,9232,1.4066696166992188e-05,2025-09-02 21:49:00.209672
366,95,9232,60,94,9232,1.4066696166992188e-05,2025-09-02 21:49:00.209690
367,46,4192,12,45,4192,5.9604644775390625e-06,2025-09-02 21:49:00.209700
368,20,368,0,19,368,3.0994415283203125e-06,2025-09-02 21:49:00.209706
369,20,1108,1,19,1108,3.0994415283203125e-06,2025-09-02 21:49:00.209711
370,46,628,7,45,628,5.9604644775390625e-06,2025-09-02 21:49:00.209721
371,46,1672,3,45,1672,6.9141387939453125e-06,2025-09-02 21:49:00.209730
372,20,372,0,19,372,2.86102294921875e-06,2025-09-02 21:49:00.209736
373,20,1120,1,19,1120,1.9073486328125e-06,2025-09-02 21:49:00.209741
374,46,952,9,45,952,5.9604644775390625e-06,2025-09-02 21:49:00.209751
375,46,2536,5,45,2536,6.9141387939453125e-06,2025-09-02 21:49:00.209760
376,108,9232,73,107,9232,1.5735626220703125e-05,2025-09-02 21:49:00.209781
377,64,9232,29,63,9232,7.867813110351562e-06,2025-09-02 21:49:00.209793
378,108,9232,73,107,9232,1.5020370483398438e-05,2025-09-02 21:49:00.209814
379,59,2752,23,58,2752,7.867813110351562e-06,2025-09-02 21:49:00.209826
380,108,9232,73,107,9232,1.5735626220703125e-05,2025-09-02 21:49:00.209847
381,108,9232,73,107,9232,1.4781951904296875e-05,2025-09-02 21:49:00.209867
382,46,4372,12,45,4372,6.9141387939453125e-06,2025-09-02 21:49:00.209876
383,46,13120,13,45,13120,5.9604644775390625e-06,2025-09-02 21:49:00.209885
384,15,384,0,14,384,1.9073486328125e-06,2025-09-02 21:49:00.209890
385,33,1156,1,32,1156,4.76837158203125e-06,2025-09-02 21:49:00.209898
386,121,9232,86,120,9232,1.7881393432617188e-05,2025-09-02 21:49:00.209921
387,121,9232,86,120,9232,1.6927719116210938e-05,2025-09-02 21:49:00.209944
388,121,9232,86,120,9232,1.6927719116210938e-05,2025-09-02 21:49:00.209967
389,121,9232,86,120,9232,1.6927719116210938e-05,2025-09-02 21:49:00.209989
390,121,9232,86,120,9232,2.288818359375e-05,2025-09-02 21:49:00.210018
391,121,9232,86,120,9232,1.6927719116210938e-05,2025-09-02 21:49:00.210041
392,28,392,0,27,392,4.0531158447265625e-06,2025-09-02 21:49:00.210047
393,59,2248,13,58,2248,7.867813110351562e-06,2025-09-02 21:49:00.210058
394,28,592,2,27,592,3.0994415283203125e-06,2025-09-02 21:49:00.210065
395,77,9232,42,76,9232,1.0967254638671875e-05,2025-09-02 21:49:00.210079
396,28,448,5,27,448,4.0531158447265625e-06,2025-09-02 21:49:00.210086
397,28,1192,1,27,1192,4.0531158447265625e-06,2025-09-02 21:49:00.210093
398,121,9232,86,120,9232,1.811981201171875e-05,2025-09-02 21:49:00.210116
399,121,9232,86,120,9232,1.8358230590820312e-05,2025-09-02 21:49:00.210140
400,28,400,0,27,400,4.0531158447265625e-06,2025-09-02 21:49:00.210146
401,20,1204,1,19,1204,2.86102294921875e-06,2025-09-02 21:49:00.210173
402,20,1024,9,19,1024,4.291534423828125e-06,2025-09-02 21:49:00.210200
403,20,1816,3,19,1816,2.6226043701171875e-06,2025-09-02 21:49:00.210207
404,28,404,0,27,404,4.0531158447265625e-06,2025-09-02 21:49:00.210213
405,28,1216,1,27,1216,4.0531158447265625e-06,2025-09-02 21:49:00.210219
406,41,916,4,40,916,4.76837158203125e-06,2025-09-02 21:49:00.210228
407,41,2752,5,40,2752,5.9604644775390625e-06,2025-09-02 21:49:00.210236
408,28,408,0,27,408,4.0531158447265625e-06,2025-09-02 21:49:00.210242
409,41,1384,6,40,1384,5.9604644775390625e-06,2025-09-02 21:49:00.210251
410,28,616,2,27,616,3.814697265625e-06,2025-09-02 21:49:00.210257
411,134,9232,99,133,9232,2.8133392333984375e-05,2025-09-02 21:49:00.210290
412,90,9232,55,89,9232,1.2159347534179688e-05,2025-09-02 21:49:00.210307
413,90,9232,55,89,9232,1.2874603271484375e-05,2025-09-02 21:49:00.210324
414,90,9232,55,89,9232,1.0967254638671875e-05,2025-09-02 21:49:00.210340
415,134,9232,99,133,9232,1.6689300537109375e-05,2025-09-02 21:49:00.210361
416,15,416,0,14,416,2.6226043701171875e-06,2025-09-02 21:49:00.210365
417,134,9232,99,133,9232,1.71661376953125e-05,2025-09-02 21:49:00.210387
418,41,628,2,40,628,5.245208740234375e-06,2025-09-02 21:49:00.210394
419,41,1888,3,40,1888,4.0531158447265625e-06,2025-09-02 21:49:00.210400
420,41,808,12,40,808,4.76837158203125e-06,2025-09-02 21:49:00.210407
421,41,1264,1,40,1264,5.0067901611328125e-06,2025-09-02 21:49:00.210414
422,41,952,4,40,952,4.76837158203125e-06,2025-09-02 21:49:00.210422
423,33,3220,10,32,3220,3.814697265625e-06,2025-09-02 21:49:00.210428
424,15,424,0,14,424,1.9073486328125e-06,2025-09-02 21:49:00.210432
425,59,9232,24,58,9232,7.867813110351562e-06,2025-09-02 21:49:00.210443
426,15,640,2,14,640,2.1457672119140625e-06,2025-09-02 21:49:00.210446
427,54,2752,18,53,2752,6.9141387939453125e-06,2025-09-02 21:49:00.210455
428,103,9232,68,102,9232,1.2874603271484375e-05,2025-09-02 21:49:00.210472
429,103,9232,68,102,9232,1.1920928955078125e-05,2025-09-02 21:49:00.210488
430,103,9232,68,102,9232,1.2159347534179688e-05,2025-09-02 21:49:00.210504
431,41,4372,7,40,4372,5.0067901611328125e-06,2025-09-02 21:49:00.210511
432,116,9232,81,115,9232,1.4066696166992188e-05,2025-09-02 21:49:00.210529
433,28,1300,1,27,1300,3.814697265625e-06,2025-09-02 21:49:00.210535
434,28,736,7,27,736,3.0994415283203125e-06,2025-09-02 21:49:00.210541
435,28,1960,3,27,1960,2.86102294921875e-06,2025-09-02 21:49:00.210546
436,116,9232,81,115,9232,1.3113021850585938e-05,2025-09-02 21:49:00.210564
437,116,9232,81,115,9232,1.3113021850585938e-05,2025-09-02 21:49:00.210583
438,54,1672,11,53,1672,5.7220458984375e-06,2025-09-02 21:49:00.210592
439,54,2968,5,53,2968,6.9141387939453125e-06,2025-09-02 21:49:00.210601
440,116,9232,81,115,9232,1.4066696166992188e-05,2025-09-02 21:49:00.210619
441,28,1492,6,27,1492,4.0531158447265625e-06,2025-09-02 21:49:00.210625
442,116,9232,81,115,9232,1.3828277587890625e-05,2025-09-02 21:49:00.210644
443,54,2248,8,53,2248,5.9604644775390625e-06,2025-09-02 21:49:00.210653
444,72,9232,37,71,9232,8.821487426757812e-06,2025-09-02 21:49:00.210665
445,72,9232,37,71,9232,7.867813110351562e-06,2025-09-02 21:49:00.210676
446,72,9232,37,71,9232,7.867813110351562e-06,2025-09-02 21:49:00.210688
447,98,39364,53,97,39364,1.1920928955078125e-05,2025-09-02 21:49:00.210703
448,23,448,0,22,448,2.1457672119140625e-06,2025-09-02 21:49:00.210708
449,116,9232,81,115,9232,2.6941299438476562e-05,2025-09-02 21:49:00.210740
450,54,4372,20,53,4372,6.9141387939453125e-06,2025-09-02 21:49:00.210752
451,54,4372,20,53,4372,5.9604644775390625e-06,2025-09-02 21:49:00.210761
452,15,452,0,14,452,1.9073486328125e-06,2025-09-02 21:49:00.210764
453,15,1360,1,14,1360,1.9073486328125e-06,2025-09-02 21:49:00.210768
454,15,1024,4,14,1024,1.9073486328125e-06,2025-09-02 21:49:00.210772
455,41,3076,5,40,3076,5.0067901611328125e-06,2025-09-02 21:49:00.210779
456,36,456,0,35,456,4.0531158447265625e-06,2025-09-02 21:49:00.210785
457,129,9232,94,128,9232,1.5735626220703125e-05,2025-09-02 21:49:00.210806
458,36,688,2,35,688,3.814697265625e-06,2025-09-02 21:49:00.210813
459,129,9232,94,128,9232,1.5974044799804688e-05,2025-09-02 21:49:00.210833
460,36,520,5,35,520,3.0994415283203125e-06,2025-09-02 21:49:00.210839
461,36,1384,1,35,1384,3.814697265625e-06,2025-09-02 21:49:00.210846
462,129,9232,94,128,9232,1.52587890625e-05,2025-09-02 21:49:00.210865
463,129,9232,94,128,9232,2.193450927734375e-05,2025-09-02 21:49:00.210893
464,23,464,0,22,464,2.86102294921875e-06,2025-09-02 21:49:00.210898
465,36,1396,1,35,1396,5.245208740234375e-06,2025-09-02 21:49:00.210905
466,85,9232,50,84,9232,1.2874603271484375e-05,2025-09-02 21:49:00.210921
467,85,9232,50,84,9232,1.0013580322265625e-05,2025-09-02 21:49:00.210934
468,23,468,0,22,468,1.9073486328125e-06,2025-09-02 21:49:00.210938
469,23,1408,1,22,1408,2.1457672119140625e-06,2025-09-02 21:49:00.210943
470,129,9232,94,128,9232,1.52587890625e-05,2025-09-02 21:49:00.210963
471,129,9232,94,128,9232,1.5020370483398438e-05,2025-09-02 21:49:00.210983
472,36,472,0,35,472,4.0531158447265625e-06,2025-09-02 21:49:00.210989
473,36,1600,6,35,1600,2.6226043701171875e-06,2025-09-02 21:49:00.210994
474,36,712,2,35,712,4.0531158447265625e-06,2025-09-02 21:49:00.211001
475,28,3616,10,27,3616,3.814697265625e-06,2025-09-02 21:49:00.211007
476,36,808,7,35,808,4.0531158447265625e-06,2025-09-02 21:49:00.211014
477,36,1432,1,35,1432,4.0531158447265625e-06,2025-09-02 21:49:00.211020
478,54,9232,19,53,9232,5.9604644775390625e-06,2025-09-02 21:49:00.211029
479,54,9232,19,53,9232,6.9141387939453125e-06,2025-09-02 21:49:00.211038
480,23,480,0,22,480,2.1457672119140625e-06,2025-09-02 21:49:00.211043
481,49,2752,13,48,2752,5.9604644775390625e-06,2025-09-02 21:49:00.211051
482,23,724,2,22,724,3.0994415283203125e-06,2025-09-02 21:49:00.211056
483,23,2176,3,22,2176,3.0994415283203125e-06,2025-09-02 21:49:00.211060
484,98,9232,63,97,9232,1.1920928955078125e-05,2025-09-02 21:49:00.211076
485,98,9232,63,97,9232,1.2636184692382812e-05,2025-09-02 21:49:00.211093
486,98,9232,63,97,9232,1.2159347534179688e-05,2025-09-02 21:49:00.211109
487,142,9232,107,141,9232,1.71661376953125e-05,2025-09-02 21:49:00.211131
488,23,488,0,22,488,2.1457672119140625e-06,2025-09-02 21:49:00.211135
489,49,4192,15,48,4192,5.7220458984375e-06,2025-09-02 21:49:00.211143
490,23,736,2,22,736,3.0994415283203125e-06,2025-09-02 21:49:00.211147
491,142,9232,107,141,9232,1.9073486328125e-05,2025-09-02 21:49:00.211171
492,49,628,10,48,628,5.0067901611328125e-06,2025-09-02 21:49:00.211179
493,49,1480,1,48,1480,5.9604644775390625e-06,2025-09-02 21:49:00.211188
494,49,1672,6,48,1672,5.0067901611328125e-06,2025-09-02 21:49:00.211196
495,98,14308,21,97,14308,1.0967254638671875e-05,2025-09-02 21:49:00.211210
496,111,9232,76,110,9232,2.4080276489257812e-05,2025-09-02 21:49:00.211239
497,23,1492,1,22,1492,3.0994415283203125e-06,2025-09-02 21:49:00.211244
498,49,952,12,48,952,5.9604644775390625e-06,2025-09-02 21:49:00.211253
499,49,2248,3,48,2248,4.76837158203125e-06,2025-09-02 21:49:00.211261
500,111,9232,76,110,9232,1.4066696166992188e-05,2025-09-02 21:49:00.211280
501,111,9232,76,110,9232,1.4781951904296875e-05,2025-09-02 21:49:00.211330
502,67,9232,32,66,9232,8.106231689453125e-06,2025-09-02 21:49:00.211342
503,67,9232,32,66,9232,8.106231689453125e-06,2025-09-02 21:49:00.211353
504,111,9232,76,110,9232,1.2874603271484375e-05,2025-09-02 21:49:00.211371
505,62,2752,26,61,2752,6.9141387939453125e-06,2025-09-02 21:49:00.211381
506,111,9232,76,110,9232,1.4066696166992188e-05,2025-09-02 21:49:00.211399
507,36,2896,13,35,2896,5.0067901611328125e-06,2025-09-02 21:49:00.211406
508,49,4372,15,48,4372,1.9788742065429688e-05,2025-09-02 21:49:00.211429
509,49,4372,15,48,4372,6.198883056640625e-06,2025-09-02 21:49:00.211437
510,49,13120,16,48,13120,5.7220458984375e-06,2025-09-02 21:49:00.211445
511,62,39364,17,61,39364,6.9141387939453125e-06,2025-09-02 21:49:00.211455
512,10,512,0,9,512,1.9073486328125e-06,2025-09-02 21:49:00.211459
513,36,1540,1,35,1540,4.76837158203125e-06,2025-09-02 21:49:00.211466
514,124,9232,89,123,9232,1.5020370483398438e-05,2025-09-02 21:49:00.211486
515,124,9232,89,123,9232,1.5020370483398438e-05,2025-09-02 21:49:00.211505
516,124,9232,89,123,9232,1.5020370483398438e-05,2025-09-02 21:49:00.211524
517,124,9232,89,123,9232,1.4781951904296875e-05,2025-09-02 21:49:00.211543
518,124,9232,89,123,9232,2.7894973754882812e-05,2025-09-02 21:49:00.211576
519,62,3508,5,61,3508,6.9141387939453125e-06,2025-09-02 21:49:00.211586
520,31,520,0,30,520,2.6226043701171875e-06,2025-09-02 21:49:00.211591
521,124,9232,89,123,9232,1.9073486328125e-05,2025-09-02 21:49:00.211616
522,31,784,2,30,784,2.86102294921875e-06,2025-09-02 21:49:00.211623
523,124,9232,89,123,9232,1.5020370483398438e-05,2025-09-02 21:49:00.211643
524,31,592,5,30,592,4.0531158447265625e-06,2025-09-02 21:49:00.211649
525,31,1576,1,30,1576,3.0994415283203125e-06,2025-09-02 21:49:00.211654
526,80,9232,45,79,9232,1.0013580322265625e-05,2025-09-02 21:49:00.211667
527,80,9232,45,79,9232,1.0013580322265625e-05,2025-09-02 21:49:00.211680
528,31,528,0,30,528,4.0531158447265625e-06,2025-09-02 21:49:00.211694
529,31,1588,1,30,1588,2.6226043701171875e-06,2025-09-02 21:49:00.211699
530,124,9232,89,123,9232,1.621246337890625e-05,2025-09-02 21:49:00.211720
531,124,9232,89,123,9232,1.5020370483398438e-05,2025-09-02 21:49:00.211739
532,31,532,0,30,532,4.0531158447265625e-06,2025-09-02 21:49:00.211745
533,31,1600,1,30,1600,3.814697265625e-06,2025-09-02 21:49:00.211750
534,23,1204,4,22,1204,3.0994415283203125e-06,2025-09-02 21:49:00.211755
535,23,3616,5,22,3616,3.0994415283203125e-06,2025-09-02 21:49:00.211760
536,31,536,0,30,536,2.86102294921875e-06,2025-09-02 21:49:00.211765
537,23,1816,6,22,1816,1.0013580322265625e-05,2025-09-02 21:49:00.211777
538,31,808,2,30,808,3.814697265625e-06,2025-09-02 21:49:00.211783
539,49,9232,14,48,9232,5.245208740234375e-06,2025-09-02 21:49:00.211791
540,44,916,7,43,916,5.245208740234375e-06,2025-09-02 21:49:00.211798
541,44,1624,1,43,1624,4.76837158203125e-06,2025-09-02 21:49:00.211805
542,44,2752,8,43,2752,5.0067901611328125e-06,2025-09-02 21:49:00.211812
543,137,9232,102,136,9232,1.7881393432617188e-05,2025-09-02 21:49:00.211834
544,18,544,0,17,544,3.0994415283203125e-06,2025-09-02 21:49:00.211839
545,44,1636,1,43,1636,5.245208740234375e-06,2025-09-02 21:49:00.211846
546,31,820,2,30,820,3.0994415283203125e-06,2025-09-02 21:49:00.211851
547,31,2464,3,30,2464,3.814697265625e-06,2025-09-02 21:49:00.211857
548,93,9232,58,92,9232,1.0967254638671875e-05,2025-09-02 21:49:00.211872
549,93,9232,58,92,9232,1.0967254638671875e-05,2025-09-02 21:49:00.211887
550,93,9232,58,92,9232,1.0013580322265625e-05,2025-09-02 21:49:00.211901
551,44,4192,10,43,4192,5.245208740234375e-06,2025-09-02 21:49:00.211909
552,18,552,0,17,552,2.1457672119140625e-06,2025-09-02 21:49:00.211912
553,137,9232,102,136,9232,2.7179718017578125e-05,2025-09-02 21:49:00.211944
554,18,832,2,17,832,1.9073486328125e-06,2025-09-02 21:49:00.211949
555,31,2500,3,30,2500,3.814697265625e-06,2025-09-02 21:49:00.211954
556,44,628,5,43,628,5.0067901611328125e-06,2025-09-02 21:49:00.211962
557,44,1672,1,43,1672,5.0067901611328125e-06,2025-09-02 21:49:00.211969
558,44,1888,6,43,1888,4.76837158203125e-06,2025-09-02 21:49:00.211976
559,88,8080,22,87,8080,1.0967254638671875e-05,2025-09-02 21:49:00.211990
560,18,560,0,17,560,1.9073486328125e-06,2025-09-02 21:49:00.211994
561,44,1684,1,43,1684,5.0067901611328125e-06,2025-09-02 21:49:00.212001
562,44,952,7,43,952,4.76837158203125e-06,2025-09-02 21:49:00.212009
563,44,2536,3,43,2536,5.245208740234375e-06,2025-09-02 21:49:00.212016
564,18,564,0,17,564,3.0994415283203125e-06,2025-09-02 21:49:00.212021
565,18,1696,1,17,1696,1.9073486328125e-06,2025-09-02 21:49:00.212025
566,62,9232,27,61,9232,6.9141387939453125e-06,2025-09-02 21:49:00.212035
567,62,9232,27,61,9232,6.9141387939453125e-06,2025-09-02 21:49:00.212045
568,106,9232,71,105,9232,1.1920928955078125e-05,2025-09-02 21:49:00.212061
569,57,2752,21,56,2752,6.198883056640625e-06,2025-09-02 21:49:00.212070
570,106,9232,71,105,9232,1.1920928955078125e-05,2025-09-02 21:49:00.212087
571,31,2896,8,30,2896,2.86102294921875e-06,2025-09-02 21:49:00.212092
572,106,9232,71,105,9232,1.4066696166992188e-05,2025-09-02 21:49:00.212110
573,106,9232,71,105,9232,2.09808349609375e-05,2025-09-02 21:49:00.212135
574,44,4372,10,43,4372,5.0067901611328125e-06,2025-09-02 21:49:00.212143
575,44,13120,11,43,13120,4.76837158203125e-06,2025-09-02 21:49:00.212150
576,26,576,0,25,576,3.814697265625e-06,2025-09-02 21:49:00.212155
577,31,1732,1,30,1732,4.291534423828125e-06,2025-09-02 21:49:00.212161
578,31,868,2,30,868,3.814697265625e-06,2025-09-02 21:49:00.212167
579,31,2608,3,30,2608,4.0531158447265625e-06,2025-09-02 21:49:00.212173
580,119,9232,84,118,9232,1.3828277587890625e-05,2025-09-02 21:49:00.212191
581,119,9232,84,118,9232,1.4066696166992188e-05,2025-09-02 21:49:00.212209
582,119,9232,84,118,9232,1.5020370483398438e-05,2025-09-02 21:49:00.212228
583,31,3940,5,30,3940,4.0531158447265625e-06,2025-09-02 21:49:00.212234
584,119,9232,84,118,9232,2.4080276489257812e-05,2025-09-02 21:49:00.212330
585,57,2968,8,56,2968,6.9141387939453125e-06,2025-09-02 21:49:00.212340
586,119,9232,84,118,9232,5.888938903808594e-05,2025-09-02 21:49:00.212405
587,119,9232,84,118,9232,1.4781951904296875e-05,2025-09-02 21:49:00.212425
588,119,9232,84,118,9232,1.4066696166992188e-05,2025-09-02 21:49:00.212444
589,119,9232,84,118,9232,1.4066696166992188e-05,2025-09-02 21:49:00.212462
590,57,2248,11,56,2248,6.9141387939453125e-06,2025-09-02 21:49:00.212471
591,57,5992,7,56,5992,5.9604644775390625e-06,2025-09-02 21:49:00.212480
592,26,592,0,25,592,3.0994415283203125e-06,2025-09-02 21:49:00.212484
593,75,9232,40,74,9232,9.059906005859375e-06,2025-09-02 21:49:00.212496
594,75,9232,40,74,9232,8.821487426757812e-06,2025-09-02 21:49:00.212508
595,75,9232,40,74,9232,8.106231689453125e-06,2025-09-02 21:49:00.212520
596,26,596,0,25,596,2.86102294921875e-06,2025-09-02 21:49:00.212525
597,26,1792,1,25,1792,2.1457672119140625e-06,2025-09-02 21:49:00.212529
598,119,9232,84,118,9232,2.6226043701171875e-05,2025-09-02 21:49:00.212559
599,119,9232,84,118,9232,1.5020370483398438e-05,2025-09-02 21:49:00.212577
600,18,600,0,17,600,2.1457672119140625e-06,2025-09-02 21:49:00.212581
601,57,4372,23,56,4372,5.9604644775390625e-06,2025-09-02 21:49:00.212631
602,18,904,2,17,904,1.9073486328125e-06,2025-09-02 21:49:00.212637
603,70,5812,20,69,5812,7.152557373046875e-06,2025-09-02 21:49:00.212647
604,18,1024,7,17,1024,2.1457672119140625e-06,2025-09-02 21:49:00.212651
605,18,1816,1,17,1816,3.0994415283203125e-06,2025-09-02 21:49:00.212655
606,44,3076,8,43,3076,4.76837158203125e-06,2025-09-02 21:49:00.212680
607,44,9232,9,43,9232,5.0067901611328125e-06,2025-09-02 21:49:00.212687
608,26,608,0,25,608,2.86102294921875e-06,2025-09-02 21:49:00.212692
609,132,9232,97,131,9232,1.5020370483398438e-05,2025-09-02 21:49:00.212712
610,39,916,2,38,916,4.0531158447265625e-06,2025-09-02 21:49:00.212718
611,39,2752,3,38,2752,3.814697265625e-06,2025-09-02 21:49:00.212724
612,39,612,0,38,612,4.0531158447265625e-06,2025-09-02 21:49:00.212730
613,39,1840,1,38,1840,4.0531158447265625e-06,2025-09-02 21:49:00.212736
614,39,1384,4,38,1384,4.76837158203125e-06,2025-09-02 21:49:00.212743
615,70,10528,14,69,10528,7.152557373046875e-06,2025-09-02 21:49:00.212753
616,26,616,0,25,616,1.9073486328125e-06,2025-09-02 21:49:00.212757
617,132,9232,97,131,9232,2.4080276489257812e-05,2025-09-02 21:49:00.212785
618,26,928,2,25,928,2.1457672119140625e-06,2025-09-02 21:49:00.212790
619,132,9232,97,131,9232,1.5020370483398438e-05,2025-09-02 21:49:00.212809
620,88,9232,53,87,9232,1.0013580322265625e-05,2025-09-02 21:49:00.212822
621,88,9232,53,87,9232,9.775161743164062e-06,2025-09-02 21:49:00.212835
622,88,9232,53,87,9232,1.0013580322265625e-05,2025-09-02 21:49:00.212848
623,132,9232,97,131,9232,1.621246337890625e-05,2025-09-02 21:49:00.212868
624,39,624,0,38,624,4.0531158447265625e-06,2025-09-02 21:49:00.212875
625,26,1876,1,25,1876,3.0994415283203125e-06,2025-09-02 21:49:00.212880
626,132,9232,97,131,9232,1.52587890625e-05,2025-09-02 21:49:00.212900
627,132,9232,97,131,9232,2.384185791015625e-05,2025-09-02 21:49:00.212929
628,39,628,0,38,628,3.814697265625e-06,2025-09-02 21:49:00.212935
629,39,1888,1,38,1888,5.245208740234375e-06,2025-09-02 21:49:00.212941
630,39,1600,9,38,1600,3.814697265625e-06,2025-09-02 21:49:00.212949
631,39,4264,5,38,4264,5.0067901611328125e-06,2025-09-02 21:49:00.212956
632,39,808,10,38,808,4.0531158447265625e-06,2025-09-02 21:49:00.212962
633,31,3616,13,30,3616,2.86102294921875e-06,2025-09-02 21:49:00.212967
634,39,952,2,38,952,4.0531158447265625e-06,2025-09-02 21:49:00.212974
635,31,3220,8,30,3220,2.86102294921875e-06,2025-09-02 21:49:00.212979
636,57,9232,22,56,9232,6.9141387939453125e-06,2025-09-02 21:49:00.212989
637,57,9232,22,56,9232,5.9604644775390625e-06,2025-09-02 21:49:00.212998
638,57,9232,22,56,9232,6.198883056640625e-06,2025-09-02 21:49:00.213007
639,132,41524,25,131,41524,1.5974044799804688e-05,2025-09-02 21:49:00.213027
640,13,640,0,12,640,9.5367431640625e-07,2025-09-02 21:49:00.213030
641,52,2752,16,51,2752,6.198883056640625e-06,2025-09-02 21:49:00.213039
642,26,964,2,25,964,1.9073486328125e-06,2025-09-02 21:49:00.213043
643,26,2896,3,25,2896,3.0994415283203125e-06,2025-09-02 21:49:00.213049
644,101,9232,66,100,9232,1.0967254638671875e-05,2025-09-02 21:49:00.213064
645,101,9232,66,100,9232,1.52587890625e-05,2025-09-02 21:49:00.213083
646,101,9232,66,100,9232,1.0967254638671875e-05,2025-09-02 21:49:00.213098
647,39,4372,5,38,4372,5.0067901611328125e-06,2025-09-02 21:49:00.213105
648,26,648,0,25,648,3.0994415283203125e-06,2025-09-02 21:49:00.213110
649,145,9232,110,144,9232,1.6927719116210938e-05,2025-09-02 21:49:00.213132
650,26,976,2,25,976,2.86102294921875e-06,2025-09-02 21:49:00.213137
651,101,9232,66,100,9232,1.0967254638671875e-05,2025-09-02 21:49:00.213151
652,26,736,5,25,736,3.0994415283203125e-06,2025-09-02 21:49:00.213156
653,26,1960,1,25,1960,1.6689300537109375e-06,2025-09-02 21:49:00.213160
654,145,9232,110,144,9232,2.9802322387695312e-05,2025-09-02 21:49:00.213195
655,145,9232,110,144,9232,2.09808349609375e-05,2025-09-02 21:49:00.213221
656,114,9232,79,113,9232,1.2159347534179688e-05,2025-09-02 21:49:00.213238
657,52,1972,1,51,1972,5.0067901611328125e-06,2025-09-02 21:49:00.213245
658,52,1672,9,51,1672,6.198883056640625e-06,2025-09-02 21:49:00.213253
659,52,2968,3,51,2968,5.9604644775390625e-06,2025-09-02 21:49:00.213261
660,114,9232,79,113,9232,1.1920928955078125e-05,2025-09-02 21:49:00.213278
661,114,9232,79,113,9232,1.1920928955078125e-05,2025-09-02 21:49:00.213294
662,26,1492,4,25,1492,2.6226043701171875e-06,2025-09-02 21:49:00.213299
663,26,4480,5,25,4480,3.0994415283203125e-06,2025-09-02 21:49:00.213304
664,114,9232,79,113,9232,1.2159347534179688e-05,2025-09-02 21:49:00.213320
665,52,2248,6,51,2248,6.198883056640625e-06,2025-09-02 21:49:00.213328
666,114,9232,79,113,9232,1.3113021850585938e-05,2025-09-02 21:49:00.213345
667,145,21688,26,144,21688,2.3126602172851562e-05,2025-09-02 21:49:00.213372
668,70,9232,35,69,9232,7.152557373046875e-06,2025-09-02 21:49:00.213383
669,70,9232,35,69,9232,7.867813110351562e-06,2025-09-02 21:49:00.213394
670,70,9232,35,69,9232,8.106231689453125e-06,2025-09-02 21:49:00.213405
671,96,39364,51,95,39364,1.0013580322265625e-05,2025-09-02 21:49:00.213419
672,13,672,0,12,672,1.1920928955078125e-06,2025-09-02 21:49:00.213422
673,65,2752,29,64,2752,6.9141387939453125e-06,2025-09-02 21:49:00.213431
674,114,9232,79,113,9232,1.2874603271484375e-05,2025-09-02 21:49:00.213449
675,114,9232,79,113,9232,1.2159347534179688e-05,2025-09-02 21:49:00.213465
676,52,4372,18,51,4372,4.76837158203125e-06,2025-09-02 21:49:00.213473
677,52,4372,18,51,4372,1.4066696166992188e-05,2025-09-02 21:49:00.213489
678,52,4372,18,51,4372,5.0067901611328125e-06,2025-09-02 21:49:00.213498
679,65,5812,15,64,5812,7.152557373046875e-06,2025-09-02 21:49:00.213508
680,13,680,0,12,680,7.152557373046875e-07,2025-09-02 21:49:00.213511
681,65,39364,20,64,39364,7.152557373046875e-06,2025-09-02 21:49:00.213521
682,13,1024,2,12,1024,1.9073486328125e-06,2025-09-02 21:49:00.213524
683,39,3076,3,38,3076,5.0067901611328125e-06,2025-09-02 21:49:00.213531
684,127,9232,92,126,9232,1.5020370483398438e-05,2025-09-02 21:49:00.213554
685,127,9232,92,126,9232,1.4066696166992188e-05,2025-09-02 21:49:00.213572
686,127,9232,92,126,9232,1.3828277587890625e-05,2025-09-02 21:49:00.213590
687,39,6964,7,38,6964,3.814697265625e-06,2025-09-02 21:49:00.213597
688,34,688,0,33,688,4.0531158447265625e-06,2025-09-02 21:49:00.213603
689,127,9232,92,126,9232,1.3589859008789062e-05,2025-09-02 21:49:00.213621
690,127,9232,92,126,9232,2.193450927734375e-05,2025-09-02 21:49:00.213648
691,127,9232,92,126,9232,1.9311904907226562e-05,2025-09-02 21:49:00.213672
692,34,692,0,33,692,3.0994415283203125e-06,2025-09-02 21:49:00.213678
693,34,2080,1,33,2080,2.86102294921875e-06,2025-09-02 21:49:00.213683
694,127,9232,92,126,9232,1.4066696166992188e-05,2025-09-02 21:49:00.213701
695,127,9232,92,126,9232,1.4066696166992188e-05,2025-09-02 21:49:00.213719
696,34,696,0,33,696,2.86102294921875e-06,2025-09-02 21:49:00.213725
697,127,9232,92,126,9232,1.2874603271484375e-05,2025-09-02 21:49:00.213743
698,34,1048,2,33,1048,2.86102294921875e-06,2025-09-02 21:49:00.213749
699,65,3544,8,64,3544,3.1948089599609375e-05,2025-09-02 21:49:00.214474
700,83,9232,48,82,9232,1.1920928955078125e-05,2025-09-02 21:49:00.214499
701,83,9232,48,82,9232,2.002716064453125e-05,2025-09-02 21:49:00.214555
702,83,9232,48,82,9232,1.0967254638671875e-05,2025-09-02 21:49:00.214570
703,171,250504,82,170,250504,2.3126602172851562e-05,2025-09-02 21:49:00.214600
704,21,704,0,20,704,3.0994415283203125e-06,2025-09-02 21:49:00.214605
705,34,2116,1,33,2116,5.0067901611328125e-06,2025-09-02 21:49:00.214612
706,127,9232,92,126,9232,1.6927719116210938e-05,2025-09-02 21:49:00.214635
707,127,9232,92,126,9232,1.4781951904296875e-05,2025-09-02 21:49:00.214655
708,34,708,0,33,708,4.0531158447265625e-06,2025-09-02 21:49:00.214662
709,34,2128,1,33,2128,4.0531158447265625e-06,2025-09-02 21:49:00.214668
710,34,1600,4,33,1600,3.814697265625e-06,2025-09-02 21:49:00.214674
711,65,4804,5,64,4804,7.867813110351562e-06,2025-09-02 21:49:00.214685
712,34,712,0,33,712,4.0531158447265625e-06,2025-09-02 21:49:00.214691
713,26,3616,8,25,3616,2.86102294921875e-06,2025-09-02 21:49:00.214696
714,34,1072,2,33,1072,2.86102294921875e-06,2025-09-02 21:49:00.214703
715,26,3220,3,25,3220,6.9141387939453125e-06,2025-09-02 21:49:00.214712
716,34,808,5,33,808,3.814697265625e-06,2025-09-02 21:49:00.214719
717,34,2152,1,33,2152,4.0531158447265625e-06,2025-09-02 21:49:00.214725
718,52,9232,17,51,9232,5.9604644775390625e-06,2025-09-02 21:49:00.214734
719,52,9232,17,51,9232,5.0067901611328125e-06,2025-09-02 21:49:00.214742
720,21,720,0,20,720,2.86102294921875e-06,2025-09-02 21:49:00.214746
721,47,2164,1,46,2164,5.0067901611328125e-06,2025-09-02 21:49:00.214754
722,47,2752,11,46,2752,4.76837158203125e-06,2025-09-02 21:49:00.214762
723,47,3256,3,46,3256,5.245208740234375e-06,2025-09-02 21:49:00.214769
724,21,724,0,20,724,3.0994415283203125e-06,2025-09-02 21:49:00.214774
725,21,2176,1,20,2176,1.9073486328125e-06,2025-09-02 21:49:00.214778
726,47,1636,4,46,1636,5.0067901611328125e-06,2025-09-02 21:49:00.214786
727,47,4912,5,46,4912,4.76837158203125e-06,2025-09-02 21:49:00.214794
728,96,9232,61,95,9232,1.5020370483398438e-05,2025-09-02 21:49:00.214814
729,34,2464,6,33,2464,4.0531158447265625e-06,2025-09-02 21:49:00.214820
730,96,9232,61,95,9232,1.0967254638671875e-05,2025-09-02 21:49:00.214836
731,140,9232,105,139,9232,1.8835067749023438e-05,2025-09-02 21:49:00.214860
732,96,9232,61,95,9232,1.0013580322265625e-05,2025-09-02 21:49:00.214876
733,96,9232,61,95,9232,1.4066696166992188e-05,2025-09-02 21:49:00.214894
734,47,4192,13,46,4192,4.76837158203125e-06,2025-09-02 21:49:00.214902
735,47,11176,9,46,11176,4.76837158203125e-06,2025-09-02 21:49:00.214910
736,21,736,0,20,736,2.1457672119140625e-06,2025-09-02 21:49:00.214914
737,140,9232,105,139,9232,1.6927719116210938e-05,2025-09-02 21:49:00.214937
738,21,1108,2,20,1108,2.1457672119140625e-06,2025-09-02 21:49:00.214942
739,21,3328,3,20,3328,3.0994415283203125e-06,2025-09-02 21:49:00.214946
740,47,740,0,46,740,4.76837158203125e-06,2025-09-02 21:49:00.214955
741,47,2224,1,46,2224,4.76837158203125e-06,2025-09-02 21:49:00.214962
742,47,1672,4,46,1672,5.245208740234375e-06,2025-09-02 21:49:00.214970
743,96,14308,19,95,14308,1.0967254638671875e-05,2025-09-02 21:49:00.214985
744,21,744,0,20,744,1.9073486328125e-06,2025-09-02 21:49:00.214989
745,91,8080,25,90,8080,1.0013580322265625e-05,2025-09-02 21:49:00.215003
746,21,1120,2,20,1120,1.9073486328125e-06,2025-09-02 21:49:00.215007
747,47,4264,13,46,4264,5.9604644775390625e-06,2025-09-02 21:49:00.215015
748,47,952,10,46,952,5.245208740234375e-06,2025-09-02 21:49:00.215023
749,47,2248,1,46,2248,4.76837158203125e-06,2025-09-02 21:49:00.215031
750,47,2536,6,46,2536,4.76837158203125e-06,2025-09-02 21:49:00.215039
751,140,21688,21,139,21688,2.09808349609375e-05,2025-09-02 21:49:00.215065
752,109,9232,74,108,9232,1.2636184692382812e-05,2025-09-02 21:49:00.215082
753,21,2260,1,20,2260,2.86102294921875e-06,2025-09-02 21:49:00.215086
754,65,9232,30,64,9232,6.9141387939453125e-06,2025-09-02 21:49:00.215097
755,65,9232,30,64,9232,6.9141387939453125e-06,2025-09-02 21:49:00.215107
756,109,9232,74,108,9232,1.2874603271484375e-05,2025-09-02 21:49:00.215125
757,109,9232,74,108,9232,1.3113021850585938e-05,2025-09-02 21:49:00.215143
758,60,2752,24,59,2752,7.152557373046875e-06,2025-09-02 21:49:00.215153
759,60,5128,5,59,5128,6.198883056640625e-06,2025-09-02 21:49:00.215162
760,109,9232,74,108,9232,1.2874603271484375e-05,2025-09-02 21:49:00.215180
761,34,2896,11,33,2896,6.9141387939453125e-06,2025-09-02 21:49:00.215190
762,109,9232,74,108,9232,1.1920928955078125e-05,2025-09-02 21:49:00.215211
763,153,9232,118,152,9232,1.7881393432617188e-05,2025-09-02 21:49:00.215235
764,47,4372,13,46,4372,4.76837158203125e-06,2025-09-02 21:49:00.215243
765,47,4372,13,46,4372,4.76837158203125e-06,2025-09-02 21:49:00.215251
766,47,13120,14,46,13120,5.245208740234375e-06,2025-09-02 21:49:00.215258
767,60,39364,15,59,39364,7.152557373046875e-06,2025-09-02 21:49:00.215267
768,16,768,0,15,768,7.152557373046875e-07,2025-09-02 21:49:00.215271
769,34,2308,1,33,2308,4.0531158447265625e-06,2025-09-02 21:49:00.215277
770,34,1156,2,33,1156,3.814697265625e-06,2025-09-02 21:49:00.215283
771,34,3472,3,33,3472,4.291534423828125e-06,2025-09-02 21:49:00.215289
772,122,9232,87,121,9232,1.4781951904296875e-05,2025-09-02 21:49:00.215308
773,122,9232,87,121,9232,1.3828277587890625e-05,2025-09-02 21:49:00.215327
774,122,9232,87,121,9232,1.5974044799804688e-05,2025-09-02 21:49:00.215349
775,153,9232,118,152,9232,1.811981201171875e-05,2025-09-02 21:49:00.215373
776,122,9232,87,121,9232,1.2874603271484375e-05,2025-09-02 21:49:00.215391
777,34,3940,8,33,3940,4.0531158447265625e-06,2025-09-02 21:49:00.215397
778,122,9232,87,121,9232,1.4066696166992188e-05,2025-09-02 21:49:00.215417
779,60,3508,3,59,3508,6.9141387939453125e-06,2025-09-02 21:49:00.215427
780,122,9232,87,121,9232,1.2874603271484375e-05,2025-09-02 21:49:00.215445
781,122,9232,87,121,9232,1.3113021850585938e-05,2025-09-02 21:49:00.215463
782,122,9232,87,121,9232,1.811981201171875e-05,2025-09-02 21:49:00.215486
783,122,9232,87,121,9232,1.3113021850585938e-05,2025-09-02 21:49:00.215504
784,29,784,0,28,784,3.0994415283203125e-06,2025-09-02 21:49:00.215509
785,122,9232,87,121,9232,1.2874603271484375e-05,2025-09-02 21:49:00.215527
786,60,2248,14,59,2248,7.152557373046875e-06,2025-09-02 21:49:00.215537
787,60,3544,3,59,3544,7.152557373046875e-06,2025-09-02 21:49:00.215547
788,29,788,0,28,788,3.0994415283203125e-06,2025-09-02 21:49:00.215552
789,29,2368,1,28,2368,3.0994415283203125e-06,2025-09-02 21:49:00.215557
790,78,9232,43,77,9232,9.298324584960938e-06,2025-09-02 21:49:00.215569
791,78,9232,43,77,9232,9.059906005859375e-06,2025-09-02 21:49:00.215582
792,29,792,0,28,792,4.0531158447265625e-06,2025-09-02 21:49:00.215588
793,78,9232,43,77,9232,9.059906005859375e-06,2025-09-02 21:49:00.215600
794,29,1192,2,28,1192,4.0531158447265625e-06,2025-09-02 21:49:00.215606
795,104,39364,59,103,39364,1.5020370483398438e-05,2025-09-02 21:49:00.215625
796,122,9232,87,121,9232,1.7881393432617188e-05,2025-09-02 21:49:00.215648
797,122,9232,87,121,9232,1.4066696166992188e-05,2025-09-02 21:49:00.215667
798,122,9232,87,121,9232,1.4066696166992188e-05,2025-09-02 21:49:00.215686
799,73,12148,9,72,12148,8.344650268554688e-06,2025-09-02 21:49:00.215697
800,29,800,0,28,800,3.0994415283203125e-06,2025-09-02 21:49:00.215702
801,60,4372,26,59,4372,6.9141387939453125e-06,2025-09-02 21:49:00.215721
802,21,1204,2,20,1204,1.9073486328125e-06,2025-09-02 21:49:00.215726
803,21,3616,3,20,3616,1.9073486328125e-06,2025-09-02 21:49:00.215731
804,21,1024,10,20,1024,3.0994415283203125e-06,2025-09-02 21:49:00.215736
805,21,2416,1,20,2416,1.6689300537109375e-06,2025-09-02 21:49:00.215740
806,21,1816,4,20,1816,2.1457672119140625e-06,2025-09-02 21:49:00.215745
807,73,39364,28,72,39364,8.821487426757812e-06,2025-09-02 21:49:00.215757
808,29,808,0,28,808,2.86102294921875e-06,2025-09-02 21:49:00.215762
809,47,9232,12,46,9232,6.198883056640625e-06,2025-09-02 21:49:00.215770
810,29,1216,2,28,1216,3.0994415283203125e-06,2025-09-02 21:49:00.215775
811,135,9232,100,134,9232,2.09808349609375e-05,2025-09-02 21:49:00.215801
812,42,916,5,41,916,4.0531158447265625e-06,2025-09-02 21:49:00.215808
813,42,2440,1,41,2440,3.814697265625e-06,2025-09-02 21:49:00.215815
814,42,2752,6,41,2752,5.0067901611328125e-06,2025-09-02 21:49:00.215822
815,135,9232,100,134,9232,1.5735626220703125e-05,2025-09-02 21:49:00.215843
816,29,816,0,28,816,2.86102294921875e-06,2025-09-02 21:49:00.215848
817,42,2452,1,41,2452,4.0531158447265625e-06,2025-09-02 21:49:00.215855
818,42,1384,7,41,1384,3.814697265625e-06,2025-09-02 21:49:00.215861
819,42,3688,3,41,3688,4.76837158203125e-06,2025-09-02 21:49:00.215868
820,29,820,0,28,820,3.0994415283203125e-06,2025-09-02 21:49:00.215873
821,29,2464,1,28,2464,3.0994415283203125e-06,2025-09-02 21:49:00.215878
822,135,9232,100,134,9232,1.5974044799804688e-05,2025-09-02 21:49:00.215899
823,135,9232,100,134,9232,1.5020370483398438e-05,2025-09-02 21:49:00.215920
824,91,9232,56,90,9232,1.0013580322265625e-05,2025-09-02 21:49:00.215935
825,135,9232,100,134,9232,2.09808349609375e-05,2025-09-02 21:49:00.215961
826,91,9232,56,90,9232,1.0967254638671875e-05,2025-09-02 21:49:00.215976
827,42,4192,8,41,4192,5.245208740234375e-06,2025-09-02 21:49:00.215984
828,91,9232,56,90,9232,1.0967254638671875e-05,2025-09-02 21:49:00.216001
829,91,9232,56,90,9232,1.2159347534179688e-05,2025-09-02 21:49:00.216017
830,135,9232,100,134,9232,1.71661376953125e-05,2025-09-02 21:49:00.216040
831,135,18952,11,134,18952,1.9073486328125e-05,2025-09-02 21:49:00.216063
832,16,832,0,15,832,2.1457672119140625e-06,2025-09-02 21:49:00.216067
833,29,2500,1,28,2500,2.86102294921875e-06,2025-09-02 21:49:00.216072
834,135,9232,100,134,9232,1.8835067749023438e-05,2025-09-02 21:49:00.216097
835,135,9232,100,134,9232,1.4781951904296875e-05,2025-09-02 21:49:00.216117
836,42,836,0,41,836,4.76837158203125e-06,2025-09-02 21:49:00.216125
837,42,2512,1,41,2512,4.0531158447265625e-06,2025-09-02 21:49:00.216132
838,42,1888,4,41,1888,3.814697265625e-06,2025-09-02 21:49:00.216139
839,86,8080,20,85,8080,9.059906005859375e-06,2025-09-02 21:49:00.216151
840,42,840,0,41,840,5.245208740234375e-06,2025-09-02 21:49:00.216161
841,42,4264,8,41,4264,5.0067901611328125e-06,2025-09-02 21:49:00.216168
842,42,1264,2,41,1264,5.245208740234375e-06,2025-09-02 21:49:00.216175
843,42,3796,3,41,3796,4.0531158447265625e-06,2025-09-02 21:49:00.216182
844,42,952,5,41,952,3.814697265625e-06,2025-09-02 21:49:00.216188
845,42,2536,1,41,2536,4.291534423828125e-06,2025-09-02 21:49:00.216195
846,34,3220,11,33,3220,3.814697265625e-06,2025-09-02 21:49:00.216201
847,34,8584,7,33,8584,3.0994415283203125e-06,2025-09-02 21:49:00.216208
848,16,848,0,15,848,1.9073486328125e-06,2025-09-02 21:49:00.216211
849,60,9232,25,59,9232,5.9604644775390625e-06,2025-09-02 21:49:00.216221
850,60,9232,25,59,9232,9.775161743164062e-06,2025-09-02 21:49:00.216234
851,60,9232,25,59,9232,5.9604644775390625e-06,2025-09-02 21:49:00.216243
852,16,852,0,15,852,2.1457672119140625e-06,2025-09-02 21:49:00.216247
853,16,2560,1,15,2560,2.1457672119140625e-06,2025-09-02 21:49:00.216250
854,55,2752,19,54,2752,8.344650268554688e-06,2025-09-02 21:49:00.216262
855,55,5776,5,54,5776,6.198883056640625e-06,2025-09-02 21:49:00.216270
856,104,9232,69,103,9232,1.2636184692382812e-05,2025-09-02 21:49:00.216287
857,29,2896,6,28,2896,3.0994415283203125e-06,2025-09-02 21:49:00.216293
858,104,9232,69,103,9232,1.2159347534179688e-05,2025-09-02 21:49:00.216309
859,148,9232,113,147,9232,1.7881393432617188e-05,2025-09-02 21:49:00.216332
860,104,9232,69,103,9232,1.1920928955078125e-05,2025-09-02 21:49:00.216348
861,104,9232,69,103,9232,1.2159347534179688e-05,2025-09-02 21:49:00.216364
862,42,4372,8,41,4372,5.0067901611328125e-06,2025-09-02 21:49:00.216372
863,42,13120,9,41,13120,4.291534423828125e-06,2025-09-02 21:49:00.216379
864,117,9232,82,116,9232,1.621246337890625e-05,2025-09-02 21:49:00.216401
865,148,9232,113,147,9232,2.002716064453125e-05,2025-09-02 21:49:00.216427
866,29,1300,2,28,1300,3.0994415283203125e-06,2025-09-02 21:49:00.216432
867,29,3904,3,28,3904,4.291534423828125e-06,2025-09-02 21:49:00.216438
868,29,868,0,28,868,3.814697265625e-06,2025-09-02 21:49:00.216444
869,29,2608,1,28,2608,3.0994415283203125e-06,2025-09-02 21:49:00.216449
870,29,1960,4,28,1960,2.6226043701171875e-06,2025-09-02 21:49:00.216455
871,179,190996,31,178,190996,2.193450927734375e-05,2025-09-02 21:49:00.216482
872,117,9232,82,116,9232,1.2874603271484375e-05,2025-09-02 21:49:00.216501
873,148,9232,113,147,9232,1.6927719116210938e-05,2025-09-02 21:49:00.216523
874,117,9232,82,116,9232,1.5735626220703125e-05,2025-09-02 21:49:00.216544
875,29,3940,3,28,3940,4.0531158447265625e-06,2025-09-02 21:49:00.216550
876,55,1672,12,54,1672,6.198883056640625e-06,2025-09-02 21:49:00.216559
877,55,2632,1,54,2632,6.198883056640625e-06,2025-09-02 21:49:00.216568
878,55,2968,6,54,2968,5.9604644775390625e-06,2025-09-02 21:49:00.216577
879,148,10024,12,147,10024,1.6927719116210938e-05,2025-09-02 21:49:00.216600
880,117,9232,82,116,9232,1.2636184692382812e-05,2025-09-02 21:49:00.216618
881,117,9232,82,116,9232,1.3113021850585938e-05,2025-09-02 21:49:00.216635
882,29,1492,7,28,1492,4.0531158447265625e-06,2025-09-02 21:49:00.216641
883,29,3976,3,28,3976,2.86102294921875e-06,2025-09-02 21:49:00.216646
884,117,9232,82,116,9232,1.3113021850585938e-05,2025-09-02 21:49:00.216664
885,117,9232,82,116,9232,1.5974044799804688e-05,2025-09-02 21:49:00.216684
886,55,2248,9,54,2248,5.9604644775390625e-06,2025-09-02 21:49:00.216693
887,55,5992,5,54,5992,5.7220458984375e-06,2025-09-02 21:49:00.216701
888,73,9232,38,72,9232,7.867813110351562e-06,2025-09-02 21:49:00.216713
889,148,21688,29,147,21688,1.6927719116210938e-05,2025-09-02 21:49:00.216735
890,73,9232,38,72,9232,7.867813110351562e-06,2025-09-02 21:49:00.216746
891,47,8584,20,46,8584,5.9604644775390625e-06,2025-09-02 21:49:00.216754
892,73,9232,38,72,9232,8.106231689453125e-06,2025-09-02 21:49:00.216766
893,73,9232,38,72,9232,7.867813110351562e-06,2025-09-02 21:49:00.216777
894,99,39364,54,98,39364,1.0967254638671875e-05,2025-09-02 21:49:00.216793
895,99,39364,54,98,39364,1.0967254638671875e-05,2025-09-02 21:49:00.216810
896,24,896,0,23,896,3.0994415283203125e-06,2025-09-02 21:49:00.216815
897,68,2752,32,67,2752,6.9141387939453125e-06,2025-09-02 21:49:00.216825
898,117,9232,82,116,9232,1.3113021850585938e-05,2025-09-02 21:49:00.216844
899,117,9232,82,116,9232,1.3113021850585938e-05,2025-09-02 21:49:00.216862
900,55,4372,21,54,4372,6.198883056640625e-06,2025-09-02 21:49:00.216871
901,55,4372,21,54,4372,5.9604644775390625e-06,2025-09-02 21:49:00.216888
902,55,4372,21,54,4372,5.7220458984375e-06,2025-09-02 21:49:00.216897
903,117,9232,82,116,9232,1.3113021850585938e-05,2025-09-02 21:49:00.216915
904,16,904,0,15,904,1.9073486328125e-06,2025-09-02 21:49:00.216919
905,68,5812,18,67,5812,6.9141387939453125e-06,2025-09-02 21:49:00.216929
906,16,1360,2,15,1360,1.9073486328125e-06,2025-09-02 21:49:00.216933
907,55,13120,22,54,13120,9.059906005859375e-06,2025-09-02 21:49:00.216945
908,16,1024,5,15,1024,2.1457672119140625e-06,2025-09-02 21:49:00.216949
909,16,2728,1,15,2728,2.1457672119140625e-06,2025-09-02 21:49:00.216952
910,42,3076,6,41,3076,4.0531158447265625e-06,2025-09-02 21:49:00.216959
911,42,9232,7,41,9232,5.245208740234375e-06,2025-09-02 21:49:00.216966
912,37,912,0,36,912,4.0531158447265625e-06,2025-09-02 21:49:00.216972
913,130,9232,95,129,9232,1.5974044799804688e-05,2025-09-02 21:49:00.216993
914,130,9232,95,129,9232,1.4781951904296875e-05,2025-09-02 21:49:00.217013
915,130,9232,95,129,9232,1.5020370483398438e-05,2025-09-02 21:49:00.217034
916,37,916,0,36,916,4.76837158203125e-06,2025-09-02 21:49:00.217042
917,37,2752,1,36,2752,4.0531158447265625e-06,2025-09-02 21:49:00.217048
918,130,9232,95,129,9232,1.52587890625e-05,2025-09-02 21:49:00.217070
919,130,9232,95,129,9232,1.4781951904296875e-05,2025-09-02 21:49:00.217090
920,37,920,0,36,920,3.814697265625e-06,2025-09-02 21:49:00.217096
921,130,9232,95,129,9232,1.71661376953125e-05,2025-09-02 21:49:00.217118
922,37,1384,2,36,1384,4.0531158447265625e-06,2025-09-02 21:49:00.217124
923,68,10528,12,67,10528,7.867813110351562e-06,2025-09-02 21:49:00.217135
924,130,9232,95,129,9232,1.4066696166992188e-05,2025-09-02 21:49:00.217155
925,130,9232,95,129,9232,1.4781951904296875e-05,2025-09-02 21:49:00.217174
926,130,9232,95,129,9232,1.3828277587890625e-05,2025-09-02 21:49:00.217194
927,117,15856,14,116,15856,1.3113021850585938e-05,2025-09-02 21:49:00.217211
928,24,928,0,23,928,3.0994415283203125e-06,2025-09-02 21:49:00.217216
929,130,9232,95,129,9232,1.5974044799804688e-05,2025-09-02 21:49:00.217237
930,37,1396,2,36,1396,3.814697265625e-06,2025-09-02 21:49:00.217244
931,37,4192,3,36,4192,4.0531158447265625e-06,2025-09-02 21:49:00.217250
932,86,9232,51,85,9232,1.0013580322265625e-05,2025-09-02 21:49:00.217264
933,86,9232,51,85,9232,1.0013580322265625e-05,2025-09-02 21:49:00.217277
934,86,9232,51,85,9232,1.0013580322265625e-05,2025-09-02 21:49:00.217290
935,130,9232,95,129,9232,1.4066696166992188e-05,2025-09-02 21:49:00.217310
936,24,936,0,23,936,3.0994415283203125e-06,2025-09-02 21:49:00.217315
937,174,250504,85,173,250504,2.002716064453125e-05,2025-09-02 21:49:00.217341
938,24,1408,2,23,1408,3.0994415283203125e-06,2025-09-02 21:49:00.217346
939,86,9232,51,85,9232,1.1920928955078125e-05,2025-09-02 21:49:00.217362
940,130,9232,95,129,9232,1.621246337890625e-05,2025-09-02 21:49:00.217383
941,130,9232,95,129,9232,1.52587890625e-05,2025-09-02 21:49:00.217403
942,130,9232,95,129,9232,1.4066696166992188e-05,2025-09-02 21:49:00.217422
943,37,9556,7,36,9556,4.76837158203125e-06,2025-09-02 21:49:00.217429
944,37,944,0,36,944,4.0531158447265625e-06,2025-09-02 21:49:00.217435
945,37,2836,1,36,2836,4.0531158447265625e-06,2025-09-02 21:49:00.217441
946,37,1600,7,36,1600,3.814697265625e-06,2025-09-02 21:49:00.217447
947,37,4264,3,36,4264,4.0531158447265625e-06,2025-09-02 21:49:00.217453
948,37,948,0,36,948,3.814697265625e-06,2025-09-02 21:49:00.217459
949,37,2848,1,36,2848,2.86102294921875e-06,2025-09-02 21:49:00.217466
950,29,3616,11,28,3616,3.0994415283203125e-06,2025-09-02 21:49:00.217471
951,29,6424,5,28,6424,3.0994415283203125e-06,2025-09-02 21:49:00.217477
952,37,952,0,36,952,4.291534423828125e-06,2025-09-02 21:49:00.217483
953,29,3220,6,28,3220,3.814697265625e-06,2025-09-02 21:49:00.217489
954,37,1432,2,36,1432,4.0531158447265625e-06,2025-09-02 21:49:00.217495
955,29,4840,8,28,4840,2.6226043701171875e-06,2025-09-02 21:49:00.217500
956,55,9232,20,54,9232,6.198883056640625e-06,2025-09-02 21:49:00.217509
957,55,9232,20,54,9232,9.059906005859375e-06,2025-09-02 21:49:00.217521
958,55,9232,20,54,9232,6.198883056640625e-06,2025-09-02 21:49:00.217529
959,130,41524,23,129,41524,1.5974044799804688e-05,2025-09-02 21:49:00.217549
960,24,960,0,23,960,1.9073486328125e-06,2025-09-02 21:49:00.217553
961,50,2884,1,49,2884,6.198883056640625e-06,2025-09-02 21:49:00.217561
962,50,2752,14,49,2752,4.76837158203125e-06,2025-09-02 21:49:00.217569
963,50,4336,3,49,4336,4.76837158203125e-06,2025-09-02 21:49:00.217577
964,24,964,0,23,964,3.0994415283203125e-06,2025-09-02 21:49:00.217582
965,24,2896,1,23,2896,2.6226043701171875e-06,2025-09-02 21:49:00.217586
966,24,2176,4,23,2176,2.1457672119140625e-06,2025-09-02 21:49:00.217591
967,143,9232,108,142,9232,1.7881393432617188e-05,2025-09-02 21:49:00.217614
968,99,9232,64,98,9232,1.0967254638671875e-05,2025-09-02 21:49:00.217629
969,50,4912,8,49,4912,6.198883056640625e-06,2025-09-02 21:49:00.217637
970,99,9232,64,98,9232,1.2159347534179688e-05,2025-09-02 21:49:00.217653
971,37,4372,3,36,4372,4.0531158447265625e-06,2025-09-02 21:49:00.217659
972,99,9232,64,98,9232,1.5020370483398438e-05,2025-09-02 21:49:00.217678
973,99,9232,64,98,9232,1.1205673217773438e-05,2025-09-02 21:49:00.217694
974,143,9232,108,142,9232,1.621246337890625e-05,2025-09-02 21:49:00.217715
975,143,9880,7,142,9880,1.621246337890625e-05,2025-09-02 21:49:00.217736
976,24,976,0,23,976,3.0994415283203125e-06,2025-09-02 21:49:00.217741
977,99,9232,64,98,9232,1.1205673217773438e-05,2025-09-02 21:49:00.217756
978,50,4192,16,49,4192,6.198883056640625e-06,2025-09-02 21:49:00.217765
979,50,4408,3,49,4408,8.344650268554688e-06,2025-09-02 21:49:00.217776
980,24,980,0,23,980,1.9073486328125e-06,2025-09-02 21:49:00.217780
981,24,2944,1,23,2944,3.0994415283203125e-06,2025-09-02 21:49:00.217785
982,143,9232,108,142,9232,2.002716064453125e-05,2025-09-02 21:49:00.217810
983,143,9232,108,142,9232,1.621246337890625e-05,2025-09-02 21:49:00.217832
984,50,984,0,49,984,5.9604644775390625e-06,2025-09-02 21:49:00.217840
985,24,3328,6,23,3328,2.1457672119140625e-06,2025-09-02 21:49:00.217845
986,50,1480,2,49,1480,5.9604644775390625e-06,2025-09-02 21:49:00.217853
987,37,7504,10,36,7504,4.0531158447265625e-06,2025-09-02 21:49:00.217860
988,50,1672,7,49,1672,4.76837158203125e-06,2025-09-02 21:49:00.217868
989,50,2968,1,49,2968,4.76837158203125e-06,2025-09-02 21:49:00.217876
990,99,14308,22,98,14308,1.1205673217773438e-05,2025-09-02 21:49:00.217890
991,99,15064,9,98,15064,1.0013580322265625e-05,2025-09-02 21:49:00.217905
992,112,9232,77,111,9232,1.2874603271484375e-05,2025-09-02 21:49:00.217922
993,94,8080,28,93,8080,1.2874603271484375e-05,2025-09-02 21:49:00.217939
994,24,1492,2,23,1492,1.9073486328125e-06,2025-09-02 21:49:00.217944
995,24,4480,3,23,4480,1.9073486328125e-06,2025-09-02 21:49:00.217949
996,50,996,0,49,996,5.0067901611328125e-06,2025-09-02 21:49:00.217960
997,50,2992,1,49,2992,5.0067901611328125e-06,2025-09-02 21:49:00.217968
998,50,2248,4,49,2248,5.0067901611328125e-06,2025-09-02 21:49:00.217976
999,50,11392,12,49,11392,5.0067901611328125e-06,2025-09-02 21:49:00.217984
1000,112,9232,77,111,9232,1.430511474609375e-05,2025-09-02 21:49:00.218002
